duration,x^0,x^1,x^2,x^3,x^4,x^5,x^6,x^7,y^0,y^1,y^2,y^3,y^4,y^5,y^6,y^7,z^0,z^1,z^2,z^3,z^4,z^5,z^6,z^7,yaw^0,yaw^1,yaw^2,yaw^3,yaw^4,yaw^5,yaw^6,yaw^7
9.9601424562085601,0.2668242822177718,0.2983523103618759,0.1040652295844980,-0.1424765059989287,0.0370891300970159,-0.0042180459773473,0.0002301969402101,-0.0000049779422627,-0.3309818139521871,-0.1527626900846759,0.1933399400692186,-0.0449661878257301,0.0071371990104090,-0.0013783586881738,0.0001486689129886,-0.0000055973469973,0.0000000000000000,0.0000000000000000,0.0000000000000000,0.0000000000000000,0.0000000000000000,0.0000000000000000,0.0000000000000000,0.0000000000000000,0.0000000000000000,0.0000000000000000,0.0000000000000000,0.0000000000000000,0.0000000000000000,0.0000000000000000,0.0000000000000000,0.0000000000000000
