duration,x^0,x^1,x^2,x^3,x^4,x^5,x^6,x^7,y^0,y^1,y^2,y^3,y^4,y^5,y^6,y^7,z^0,z^1,z^2,z^3,z^4,z^5,z^6,z^7,yaw^0,yaw^1,yaw^2,yaw^3,yaw^4,yaw^5,yaw^6,yaw^7
9.9601424562085601,0.4559358317690475,0.1801003003211481,0.2899731487038890,-0.1672105269141300,0.0312196480157635,-0.0025845468284185,0.0000928931988292,-0.0000009817157991,-0.0738004995308297,-0.0600090139615490,0.0505553994634101,0.0328263621363268,-0.0111142283122474,0.0009161763633590,-0.0000057195551522,-0.0000012625397503,0.0000000000000000,0.0000000000000000,0.0000000000000000,0.0000000000000000,0.0000000000000000,0.0000000000000000,0.0000000000000000,0.0000000000000000,0.0000000000000000,0.0000000000000000,0.0000000000000000,0.0000000000000000,0.0000000000000000,0.0000000000000000,0.0000000000000000,0.0000000000000000
