duration,x^0,x^1,x^2,x^3,x^4,x^5,x^6,x^7,y^0,y^1,y^2,y^3,y^4,y^5,y^6,y^7,z^0,z^1,z^2,z^3,z^4,z^5,z^6,z^7,yaw^0,yaw^1,yaw^2,yaw^3,yaw^4,yaw^5,yaw^6,yaw^7
9.9601424562085601,0.1174409503603748,0.2390351028988711,0.1668744285192545,-0.1154905597082393,0.0198260724220169,-0.0011454705085339,-0.0000046066829641,0.0000017321034557,0.1756327978158992,-0.0352607718327844,0.0476315463043386,0.0214605838018881,-0.0064559188819395,0.0001537239821919,0.0000514386222389,-0.0000029050221665,0.0000000000000000,0.0000000000000000,0.0000000000000000,0.0000000000000000,0.0000000000000000,0.0000000000000000,0.0000000000000000,0.0000000000000000,0.0000000000000000,0.0000000000000000,0.0000000000000000,0.0000000000000000,0.0000000000000000,0.0000000000000000,0.0000000000000000,0.0000000000000000
