duration,x^0,x^1,x^2,x^3,x^4,x^5,x^6,x^7,y^0,y^1,y^2,y^3,y^4,y^5,y^6,y^7,z^0,z^1,z^2,z^3,z^4,z^5,z^6,z^7,yaw^0,yaw^1,yaw^2,yaw^3,yaw^4,yaw^5,yaw^6,yaw^7
9.9601424562085601,-0.4431146248015588,-0.0277086019549508,0.4307427229766504,-0.2836328475140382,0.0711742113474550,-0.0089775807745178,0.0005728025839758,-0.0000146949987480,-0.0370599321815785,0.0484587349884005,-0.0669963211074986,0.0938166389623611,-0.0299678568558274,0.0040619151145007,-0.0002612088146612,0.0000066295435319,0.0000000000000000,0.0000000000000000,0.0000000000000000,0.0000000000000000,0.0000000000000000,0.0000000000000000,0.0000000000000000,0.0000000000000000,0.0000000000000000,0.0000000000000000,0.0000000000000000,0.0000000000000000,0.0000000000000000,0.0000000000000000,0.0000000000000000,0.0000000000000000
