duration,x^0,x^1,x^2,x^3,x^4,x^5,x^6,x^7,y^0,y^1,y^2,y^3,y^4,y^5,y^6,y^7,z^0,z^1,z^2,z^3,z^4,z^5,z^6,z^7,yaw^0,yaw^1,yaw^2,yaw^3,yaw^4,yaw^5,yaw^6,yaw^7
9.9601424562085601,0.0886758198224064,0.3361559340217137,-0.0059987731275146,-0.0125127130539656,-0.0064803577307195,0.0021875730248406,-0.0002128632635744,0.0000068749024235,0.4646142566901518,0.1923299987422408,-0.1542311619106197,0.1309765324198239,-0.0354842733984828,0.0041351358487596,-0.0002224001251601,0.0000045715328379,0.0000000000000000,0.0000000000000000,0.0000000000000000,0.0000000000000000,0.0000000000000000,0.0000000000000000,0.0000000000000000,0.0000000000000000,0.0000000000000000,0.0000000000000000,0.0000000000000000,0.0000000000000000,0.0000000000000000,0.0000000000000000,0.0000000000000000,0.0000000000000000
