duration,x^0,x^1,x^2,x^3,x^4,x^5,x^6,x^7,y^0,y^1,y^2,y^3,y^4,y^5,y^6,y^7,z^0,z^1,z^2,z^3,z^4,z^5,z^6,z^7,yaw^0,yaw^1,yaw^2,yaw^3,yaw^4,yaw^5,yaw^6,yaw^7
9.9601424562085601,-0.3111179217119284,0.0381736801370560,0.3488256160935608,-0.1917365356784746,0.0332319918999905,-0.0020431359153142,-0.0000056322906647,0.0000033547826731,-0.4226346512466637,-0.0615434860495832,-0.0469357294489122,0.0864118029593429,-0.0268983521531797,0.0034398361267024,-0.0002034939353680,0.0000046400971281,0.0000000000000000,0.0000000000000000,0.0000000000000000,0.0000000000000000,0.0000000000000000,0.0000000000000000,0.0000000000000000,0.0000000000000000,0.0000000000000000,0.0000000000000000,0.0000000000000000,0.0000000000000000,0.0000000000000000,0.0000000000000000,0.0000000000000000,0.0000000000000000
