duration,x^0,x^1,x^2,x^3,x^4,x^5,x^6,x^7,y^0,y^1,y^2,y^3,y^4,y^5,y^6,y^7,z^0,z^1,z^2,z^3,z^4,z^5,z^6,z^7,yaw^0,yaw^1,yaw^2,yaw^3,yaw^4,yaw^5,yaw^6,yaw^7
9.9601424562085601,-0.1798933025884985,0.0535125512682233,0.3156255836802142,-0.1878084499459873,0.0385400875012347,-0.0037111284335032,0.0001700620012036,-0.0000029096013948,0.1229434792507619,0.0505712482881090,-0.0662660163821411,0.0985785252997720,-0.0306790060985474,0.0039661788420324,-0.0002393423646555,0.0000056371819744,0.0000000000000000,0.0000000000000000,0.0000000000000000,0.0000000000000000,0.0000000000000000,0.0000000000000000,0.0000000000000000,0.0000000000000000,0.0000000000000000,0.0000000000000000,0.0000000000000000,0.0000000000000000,0.0000000000000000,0.0000000000000000,0.0000000000000000,0.0000000000000000
